user_id|book_id|book_status_id|book_amount|date
2|191|1|13|08:46:10 01.06.2022
2|480|1|16|10:33:51 01.06.2022
9|109|1|19|11:43:56 01.06.2022
9|288|1|18|14:20:34 01.06.2022
11|192|1|6|18:26:11 01.06.2022
3|18|1|13|11:18:18 02.06.2022
9|442|1|8|12:39:52 02.06.2022
9|504|1|14|15:28:23 02.06.2022
1|528|1|20|19:15:56 02.06.2022
6|70|1|6|18:13:53 03.06.2022
9|393|1|14|08:17:25 04.06.2022
11|564|1|19|10:52:40 04.06.2022
1|633|1|15|11:57:21 04.06.2022
1|349|1|19|13:51:25 04.06.2022
6|584|1|13|17:37:32 04.06.2022
6|256|1|10|16:46:01 05.06.2022
6|599|1|7|10:10:38 06.06.2022
6|643|1|11|11:24:35 06.06.2022
6|302|1|9|13:53:30 06.06.2022
11|132|1|7|16:37:09 06.06.2022
3|287|1|9|08:17:21 07.06.2022
6|405|1|5|11:19:13 07.06.2022
9|542|1|5|16:08:22 07.06.2022
9|326|1|11|19:03:31 07.06.2022
6|553|1|15|16:50:20 08.06.2022
11|491|1|17|15:27:50 09.06.2022
2|540|1|11|19:12:09 09.06.2022
3|82|1|10|13:14:05 10.06.2022
2|358|1|14|16:22:50 10.06.2022
1|699|1|15|17:54:28 10.06.2022
2|418|1|9|14:30:55 11.06.2022
1|716|1|16|16:29:21 11.06.2022
11|720|1|12|19:24:10 11.06.2022
6|121|1|8|15:52:18 12.06.2022
3|346|1|5|17:26:33 12.06.2022
1|607|1|16|18:34:04 13.06.2022
2|420|1|14|13:45:40 14.06.2022
9|129|1|9|17:19:25 14.06.2022
1|74|1|17|09:27:49 15.06.2022
3|396|1|11|12:30:21 15.06.2022
2|395|1|5|16:00:54 15.06.2022
3|2|1|18|18:55:22 15.06.2022
6|667|1|12|16:05:26 16.06.2022
11|78|1|13|18:06:56 16.06.2022
11|673|1|13|11:55:06 17.06.2022
9|630|1|19|13:15:46 17.06.2022
1|632|1|6|15:16:24 17.06.2022
1|568|1|14|17:26:47 17.06.2022
11|149|1|8|19:57:42 17.06.2022
2|647|1|16|11:35:37 18.06.2022
6|498|1|19|13:42:43 18.06.2022
3|664|1|15|17:14:01 18.06.2022
9|72|1|8|18:52:08 18.06.2022
11|443|1|19|15:31:54 19.06.2022
3|541|1|5|17:19:48 19.06.2022
2|352|1|13|19:14:56 19.06.2022
2|272|1|12|14:12:17 20.06.2022
1|645|1|8|15:40:34 20.06.2022
2|50|1|15|18:03:09 20.06.2022
6|531|1|9|19:25:48 20.06.2022
3|1|1|14|12:31:34 21.06.2022
6|210|1|9|13:57:22 21.06.2022
3|445|1|8|17:05:52 21.06.2022
6|484|1|13|18:29:08 21.06.2022
6|605|1|9|16:22:44 22.06.2022
3|427|1|8|16:30:58 23.06.2022
9|654|1|11|18:41:32 23.06.2022
6|378|1|17|12:43:09 24.06.2022
3|397|1|7|14:45:42 24.06.2022
3|232|1|16|15:54:58 24.06.2022
1|572|1|19|13:44:18 25.06.2022
1|123|1|10|14:56:41 25.06.2022
1|548|1|19|18:06:49 25.06.2022
2|321|1|18|11:29:34 26.06.2022
3|518|1|11|14:11:52 26.06.2022
2|641|1|14|17:19:44 26.06.2022
2|159|1|5|12:29:54 27.06.2022
9|696|1|8|16:16:23 27.06.2022
2|718|1|9|18:42:12 27.06.2022
3|61|1|9|12:37:52 28.06.2022
6|90|1|5|14:24:17 28.06.2022
6|174|1|10|18:15:29 28.06.2022
3|222|1|14|17:04:51 29.06.2022
1|151|1|11|19:27:19 29.06.2022
3|172|1|12|16:05:18 30.06.2022
2|469|1|16|14:57:34 01.07.2022
6|5|1|17|19:23:35 01.07.2022
3|173|1|11|14:13:42 02.07.2022
11|119|1|10|15:27:23 02.07.2022
3|57|1|8|18:51:41 02.07.2022
2|476|1|19|14:28:00 03.07.2022
9|444|1|10|18:13:53 03.07.2022
9|612|1|9|19:38:40 03.07.2022
6|353|1|18|18:04:17 04.07.2022
3|196|1|14|11:40:51 05.07.2022
3|629|1|10|15:46:06 05.07.2022
1|490|1|15|19:37:04 05.07.2022
1|263|1|14|10:24:58 06.07.2022
9|104|1|9|12:21:24 06.07.2022
6|648|1|9|16:16:10 06.07.2022
1|188|1|8|18:58:33 06.07.2022
1|674|1|19|11:11:54 07.07.2022
6|508|1|20|15:37:12 07.07.2022
6|671|1|10|19:01:27 07.07.2022
2|569|1|12|09:14:39 08.07.2022
3|243|1|20|10:20:28 08.07.2022
2|145|1|11|12:34:50 08.07.2022
1|380|1|18|15:19:39 08.07.2022
11|13|1|9|19:48:02 08.07.2022
2|389|1|13|17:03:08 09.07.2022
2|594|1|13|18:07:12 09.07.2022
9|382|1|14|19:33:52 09.07.2022
9|482|1|18|09:41:53 10.07.2022
9|108|1|10|13:24:31 10.07.2022
6|37|1|15|17:42:01 10.07.2022
11|706|1|16|19:13:40 10.07.2022
11|616|1|19|10:50:06 11.07.2022
11|477|1|10|14:19:00 11.07.2022
3|92|1|14|16:51:02 11.07.2022
6|136|1|16|12:07:12 12.07.2022
9|142|1|7|15:08:47 12.07.2022
2|111|1|7|16:37:05 12.07.2022
3|259|1|9|19:36:02 13.07.2022
6|419|1|7|10:37:24 14.07.2022
1|314|1|11|13:54:29 14.07.2022
3|479|1|17|15:12:23 14.07.2022
6|147|1|15|17:09:16 14.07.2022
9|362|1|14|19:10:08 14.07.2022
1|373|1|12|10:25:13 15.07.2022
3|653|1|18|12:54:41 15.07.2022
1|115|1|18|16:36:32 15.07.2022
3|95|1|8|15:50:36 16.07.2022
1|93|1|19|15:11:56 17.07.2022
3|169|1|18|16:28:18 17.07.2022
6|522|1|12|19:53:42 18.07.2022
2|209|1|17|17:37:45 19.07.2022
2|224|1|17|11:29:04 20.07.2022
6|144|1|15|12:44:39 20.07.2022
9|652|1|6|17:06:23 20.07.2022
2|646|1|10|19:52:22 20.07.2022
6|658|1|10|19:59:16 21.07.2022
1|454|1|13|08:03:56 22.07.2022
3|298|1|13|09:27:34 22.07.2022
2|486|1|11|10:43:30 22.07.2022
3|556|1|16|14:38:39 22.07.2022
2|403|1|18|18:45:20 22.07.2022
11|45|1|11|09:49:19 23.07.2022
9|325|1|12|12:09:43 23.07.2022
9|514|1|16|14:46:55 23.07.2022
3|268|1|19|16:29:07 23.07.2022
6|627|1|5|19:29:21 23.07.2022
6|473|1|20|13:37:57 24.07.2022
11|440|1|13|14:40:08 24.07.2022
11|187|1|5|17:04:45 24.07.2022
6|308|1|5|18:24:01 24.07.2022
6|163|1|9|13:08:43 25.07.2022
9|723|1|10|16:14:40 25.07.2022
6|25|1|5|18:49:54 25.07.2022
2|467|1|19|08:19:19 26.07.2022
6|139|1|20|10:02:44 26.07.2022
11|347|1|18|13:41:02 26.07.2022
2|700|1|19|18:38:55 26.07.2022
3|212|1|5|18:20:41 27.07.2022
3|79|1|19|19:32:36 27.07.2022
2|7|1|17|14:23:11 28.07.2022
9|604|1|6|17:28:15 28.07.2022
2|251|1|19|11:09:02 29.07.2022
1|203|1|14|15:13:37 29.07.2022
11|261|1|17|19:56:57 29.07.2022
3|640|1|8|12:02:04 30.07.2022
1|231|1|19|16:30:48 30.07.2022
6|450|1|7|17:38:37 30.07.2022
1|666|1|18|10:53:11 31.07.2022
11|156|1|19|14:22:31 31.07.2022
1|665|1|16|17:01:54 31.07.2022
9|368|1|8|18:48:31 31.07.2022
2|143|1|6|16:15:06 01.08.2022
1|87|1|11|19:01:22 01.08.2022
11|695|1|7|15:21:53 02.08.2022
2|305|1|20|17:16:11 02.08.2022
3|296|1|13|19:14:27 02.08.2022
11|127|1|9|15:38:04 03.08.2022
6|8|1|10|15:25:40 04.08.2022
2|675|1|5|17:48:41 04.08.2022
2|721|1|15|19:53:07 04.08.2022
3|270|1|15|19:21:20 05.08.2022
2|126|1|18|19:55:46 06.08.2022
3|613|1|10|10:10:33 07.08.2022
2|3|1|15|14:00:34 07.08.2022
2|429|1|11|16:13:43 07.08.2022
1|160|1|18|19:01:13 07.08.2022
1|366|1|8|14:55:16 08.08.2022
9|219|1|7|19:29:10 08.08.2022
2|20|1|9|08:37:19 09.08.2022
2|379|1|14|09:39:25 09.08.2022
6|283|1|16|14:38:48 09.08.2022
1|701|1|17|17:16:50 09.08.2022
2|200|1|13|16:01:36 10.08.2022
9|65|1|19|18:35:02 10.08.2022
3|609|1|14|19:57:09 10.08.2022
9|478|1|13|16:42:11 11.08.2022
11|220|1|16|19:06:20 11.08.2022
9|698|1|6|16:19:17 12.08.2022
3|21|1|15|16:43:14 13.08.2022
3|492|1|10|19:12:23 13.08.2022
1|598|1|8|16:58:03 14.08.2022
9|195|1|20|19:02:15 14.08.2022
3|130|1|10|18:21:50 15.08.2022
11|407|1|12|13:41:31 16.08.2022
11|88|1|18|15:00:21 16.08.2022
11|677|1|7|17:06:33 16.08.2022
1|23|1|16|14:06:41 17.08.2022
2|573|1|5|16:26:14 17.08.2022
6|543|1|8|13:22:54 18.08.2022
11|81|1|6|16:13:59 18.08.2022
2|40|1|16|10:56:31 19.08.2022
3|596|1|14|13:04:39 19.08.2022
1|254|1|5|16:48:25 19.08.2022
3|206|1|13|14:38:02 20.08.2022
11|205|1|16|19:21:19 20.08.2022
6|471|1|17|09:32:33 21.08.2022
2|463|1|7|10:56:03 21.08.2022
3|624|1|7|14:23:22 21.08.2022
9|400|1|5|18:23:46 21.08.2022
11|223|1|8|19:00:51 22.08.2022
9|416|1|10|15:11:51 23.08.2022
1|538|1|13|18:46:07 23.08.2022
1|30|1|9|12:26:07 24.08.2022
6|135|1|14|16:53:12 24.08.2022
6|608|1|5|19:59:31 24.08.2022
11|342|1|16|15:48:28 25.08.2022
3|503|1|10|19:25:12 25.08.2022
3|211|1|13|15:21:34 26.08.2022
3|246|1|19|17:02:06 27.08.2022
6|533|1|15|15:47:46 28.08.2022
6|63|1|5|17:58:07 28.08.2022
6|525|1|6|15:27:38 29.08.2022
6|370|1|13|17:21:28 29.08.2022
11|102|1|14|18:57:28 29.08.2022
11|688|1|7|13:44:46 30.08.2022
9|221|1|13|16:20:28 30.08.2022
3|660|1|7|17:38:19 30.08.2022
3|279|1|17|15:50:14 31.08.2022
2|409|1|8|19:50:33 31.08.2022
6|52|1|15|16:05:51 01.09.2022
11|499|1|16|17:41:47 01.09.2022
1|377|1|17|19:53:22 01.09.2022
2|66|1|6|15:06:34 02.09.2022
6|697|1|6|19:22:34 02.09.2022
2|280|1|12|13:03:22 03.09.2022
3|410|1|20|17:32:47 03.09.2022
6|430|1|12|12:31:50 04.09.2022
11|114|1|14|14:30:33 04.09.2022
9|644|1|18|16:54:16 04.09.2022
9|289|1|10|18:43:35 04.09.2022
11|227|1|9|15:57:13 05.09.2022
9|276|1|12|18:28:59 05.09.2022
6|386|1|10|19:31:22 05.09.2022
6|285|1|10|12:59:06 06.09.2022
9|85|1|14|16:10:18 06.09.2022
1|456|1|19|19:12:05 06.09.2022
2|511|1|12|17:33:39 07.09.2022
2|295|1|19|19:29:23 07.09.2022
9|707|1|11|13:22:24 08.09.2022
1|547|1|17|15:43:58 08.09.2022
6|680|1|15|17:41:37 08.09.2022
3|520|1|8|08:54:59 09.09.2022
11|214|1|15|12:50:38 09.09.2022
11|328|1|13|15:21:40 09.09.2022
2|591|1|19|13:23:14 10.09.2022
9|327|1|6|17:23:38 10.09.2022
6|318|1|14|18:35:35 10.09.2022
9|611|1|6|17:06:23 11.09.2022
11|46|1|15|18:54:48 11.09.2022
3|620|1|20|12:07:47 12.09.2022
1|603|1|16|16:13:39 12.09.2022
11|96|1|9|17:53:27 13.09.2022
11|618|1|8|09:34:59 14.09.2022
6|635|1|20|14:05:39 14.09.2022
6|237|1|15|17:43:17 14.09.2022
2|662|1|14|08:12:43 15.09.2022
1|441|1|9|12:31:25 15.09.2022
6|117|1|7|15:17:11 15.09.2022
1|330|1|8|19:54:35 15.09.2022
2|110|1|14|15:36:06 16.09.2022
9|133|1|6|16:36:41 16.09.2022
11|509|1|10|19:54:35 16.09.2022
11|625|1|5|14:23:38 17.09.2022
6|186|1|7|16:00:31 17.09.2022
2|38|1|10|10:05:57 18.09.2022
9|357|1|7|11:13:57 18.09.2022
6|496|1|11|12:38:40 18.09.2022
11|545|1|7|14:05:35 18.09.2022
11|122|1|5|15:44:45 18.09.2022
11|278|1|13|19:36:49 18.09.2022
3|94|1|14|19:32:47 19.09.2022
1|554|1|10|18:20:02 20.09.2022
1|275|1|19|09:28:41 21.09.2022
9|483|1|7|11:38:42 21.09.2022
6|566|1|20|12:41:18 21.09.2022
11|371|1|11|14:31:55 21.09.2022
6|299|1|10|16:13:07 21.09.2022
1|68|1|17|17:23:44 21.09.2022
3|488|1|20|09:23:34 22.09.2022
3|634|1|11|11:30:28 22.09.2022
11|575|1|19|13:39:40 22.09.2022
1|557|1|5|16:49:38 22.09.2022
1|649|1|13|18:57:02 22.09.2022
6|343|1|12|09:02:59 23.09.2022
6|590|1|19|12:54:35 23.09.2022
3|167|1|8|17:01:57 23.09.2022
11|501|1|17|18:12:52 23.09.2022
6|55|1|11|08:15:31 24.09.2022
3|672|1|11|12:40:36 24.09.2022
6|179|1|12|17:34:09 24.09.2022
6|351|1|11|19:31:37 25.09.2022
11|560|1|16|09:12:41 26.09.2022
6|375|1|14|14:06:12 26.09.2022
9|595|1|20|16:32:34 26.09.2022
2|513|1|20|13:49:45 27.09.2022
2|703|1|8|18:25:17 27.09.2022
6|215|1|16|13:20:04 28.09.2022
2|118|1|19|18:09:47 28.09.2022
1|315|1|12|12:25:19 29.09.2022
9|15|1|14|16:55:45 29.09.2022
6|257|1|20|18:38:03 29.09.2022
1|431|1|10|12:58:30 30.09.2022
1|402|1|12|17:05:18 30.09.2022
2|638|1|12|08:09:21 01.10.2022
1|233|1|5|11:58:08 01.10.2022
3|197|1|20|16:49:38 01.10.2022
1|413|1|15|18:37:32 01.10.2022
6|593|1|7|16:31:29 02.10.2022
11|180|1|9|16:32:09 03.10.2022
9|83|1|13|18:51:31 03.10.2022
11|458|1|16|19:56:44 04.10.2022
11|682|1|8|12:53:24 05.10.2022
2|485|1|6|17:09:45 05.10.2022
11|105|1|13|17:16:09 06.10.2022
2|264|1|8|19:14:17 06.10.2022
9|301|1|9|17:53:21 07.10.2022
2|433|1|8|17:30:26 08.10.2022
1|14|1|15|19:41:22 08.10.2022
3|91|1|5|15:02:54 09.10.2022
11|80|1|11|18:47:59 09.10.2022
11|106|1|13|19:20:25 10.10.2022
9|344|1|6|13:00:42 11.10.2022
6|500|1|9|17:33:47 11.10.2022
9|576|1|6|10:56:27 12.10.2022
2|181|1|19|12:29:40 12.10.2022
11|157|1|5|17:13:18 12.10.2022
11|589|1|11|18:47:13 13.10.2022
1|124|1|18|12:07:45 14.10.2022
6|602|1|8|14:15:32 14.10.2022
1|345|1|11|17:57:32 14.10.2022
3|334|1|6|12:02:31 15.10.2022
3|459|1|18|14:28:04 15.10.2022
3|709|1|17|15:48:15 15.10.2022
3|610|1|15|10:37:41 16.10.2022
1|369|1|8|15:01:53 16.10.2022
2|354|1|14|19:48:15 16.10.2022
3|435|1|20|13:43:14 17.10.2022
1|60|1|18|15:40:42 17.10.2022
11|466|1|20|18:49:58 17.10.2022
6|494|1|8|16:09:57 18.10.2022
11|376|1|19|17:48:29 18.10.2022
2|676|1|16|15:20:37 19.10.2022
11|546|1|6|17:37:52 19.10.2022
1|339|1|6|19:43:42 19.10.2022
1|408|1|15|12:16:34 20.10.2022
3|657|1|12|16:44:08 20.10.2022
6|47|1|15|17:51:00 21.10.2022
1|597|1|9|19:41:23 22.10.2022
9|245|1|6|18:48:20 23.10.2022
6|98|1|7|11:37:02 24.10.2022
1|238|1|7|14:13:29 24.10.2022
11|306|1|14|16:43:07 24.10.2022
6|31|1|14|18:31:16 24.10.2022
9|309|1|19|19:38:44 25.10.2022
2|414|1|19|12:06:46 26.10.2022
1|271|1|19|13:18:56 26.10.2022
3|372|1|16|16:38:15 26.10.2022
1|388|1|6|09:14:00 27.10.2022
11|300|1|9|12:47:38 27.10.2022
11|282|1|11|17:24:53 27.10.2022
1|434|1|10|15:13:48 28.10.2022
6|319|1|12|17:13:59 28.10.2022
1|570|1|12|13:41:49 29.10.2022
9|411|1|14|15:35:38 29.10.2022
3|323|1|18|18:18:38 29.10.2022
11|225|1|13|18:57:24 30.10.2022
1|651|1|10|17:15:09 31.10.2022
6|359|1|10|18:41:52 31.10.2022
6|636|1|13|18:12:27 01.11.2022
1|472|1|20|17:42:21 02.11.2022
1|273|1|12|19:34:53 02.11.2022
6|207|1|20|18:25:09 03.11.2022
9|317|1|9|13:42:53 04.11.2022
2|177|1|20|14:52:04 04.11.2022
6|507|1|6|16:51:10 04.11.2022
2|539|1|15|11:35:51 05.11.2022
11|512|1|9|13:49:59 05.11.2022
9|9|1|18|15:32:07 05.11.2022
3|544|1|15|19:57:19 06.11.2022
3|614|1|5|16:27:44 07.11.2022
3|563|1|11|19:21:43 08.11.2022
11|530|1|10|13:58:45 09.11.2022
11|715|1|14|16:53:27 09.11.2022
2|631|1|19|10:58:44 10.11.2022
2|579|1|15|13:57:45 10.11.2022
2|385|1|7|15:47:14 10.11.2022
9|53|1|11|17:41:54 10.11.2022
11|714|1|16|19:10:40 10.11.2022
2|453|1|20|08:26:07 11.11.2022
1|26|1|11|10:08:44 11.11.2022
11|692|1|13|12:30:13 11.11.2022
11|235|1|6|15:04:28 11.11.2022
3|387|1|10|17:53:19 11.11.2022
1|265|1|14|19:21:22 11.11.2022
6|439|1|9|09:49:17 12.11.2022
6|628|1|14|11:11:05 12.11.2022
6|103|1|11|13:41:19 12.11.2022
597|366|3|2|19:28:06 08.08.2022
177|173|4|1|17:57:53 02.07.2022
449|604|3|1|10:50:20 29.07.2022
486|88|3|2|19:08:10 16.08.2022
42|688|4|2|15:42:02 30.08.2022
752|359|4|2|18:17:40 01.11.2022
270|675|4|1|08:33:02 05.08.2022
59|456|3|1|14:00:51 07.09.2022
161|667|4|2|19:38:38 17.06.2022
504|65|3|1|19:52:19 10.08.2022
599|111|4|3|18:07:29 12.07.2022
882|490|3|1|19:28:05 06.07.2022
254|70|3|1|14:33:48 04.06.2022
980|378|4|2|14:49:57 24.06.2022
606|106|3|1|15:52:40 11.10.2022
465|26|3|2|15:05:07 11.11.2022
916|677|4|1|18:30:54 16.08.2022
988|26|3|3|12:30:19 11.11.2022
536|157|3|3|16:31:43 13.10.2022
239|135|4|1|18:19:38 24.08.2022
985|289|3|3|08:31:08 05.09.2022
646|195|3|1|19:21:22 15.08.2022
829|443|4|3|12:48:49 20.06.2022
993|387|4|1|10:45:29 12.11.2022
589|513|3|2|15:35:05 27.09.2022
310|238|4|2|15:57:27 24.10.2022
850|387|4|1|19:41:37 11.11.2022
809|508|4|2|18:54:54 07.07.2022
356|575|3|3|14:46:52 22.09.2022
251|26|3|2|14:53:13 11.11.2022
849|403|4|3|19:59:25 23.07.2022
799|103|3|1|15:02:14 12.11.2022
829|21|4|1|19:34:47 13.08.2022
323|129|3|3|19:26:59 15.06.2022
242|334|4|1|13:10:47 15.10.2022
612|299|3|2|18:55:02 21.09.2022
703|476|4|3|15:35:05 03.07.2022
503|206|3|1|15:42:31 20.08.2022
464|500|4|3|19:24:55 11.10.2022
365|147|4|1|08:15:33 15.07.2022
261|254|3|3|18:29:01 19.08.2022
847|211|4|3|18:12:01 26.08.2022
279|211|4|1|16:51:27 26.08.2022
797|254|3|2|18:45:48 20.08.2022
159|265|3|1|14:40:25 12.11.2022
272|60|3|1|17:28:14 17.10.2022
951|268|3|1|18:37:06 23.07.2022
576|584|4|2|19:48:55 05.06.2022
22|569|3|3|12:33:13 08.07.2022
456|429|3|1|12:31:31 08.08.2022
999|657|4|1|19:27:25 20.10.2022
88|263|3|2|11:45:03 06.07.2022
779|60|4|2|17:40:30 17.10.2022
228|647|3|1|16:32:20 18.06.2022
689|531|3|1|12:43:37 21.06.2022
597|225|3|3|18:56:58 31.10.2022
873|61|4|3|17:18:39 28.06.2022
563|680|3|3|18:32:09 09.09.2022
169|382|4|2|19:48:28 10.07.2022
735|139|3|1|14:36:44 26.07.2022
744|211|3|2|18:18:08 26.08.2022
892|630|3|2|15:48:15 17.06.2022
799|103|4|1|16:29:00 12.11.2022
177|662|4|1|09:27:14 15.09.2022
190|613|3|2|14:32:02 07.08.2022
425|102|3|3|16:29:31 30.08.2022
679|98|3|2|14:54:01 24.10.2022
222|490|4|1|19:42:06 06.07.2022
772|435|4|3|16:20:03 17.10.2022
620|147|3|3|19:42:37 14.07.2022
635|715|3|3|10:35:33 10.11.2022
222|18|4|1|14:34:53 02.06.2022
248|564|3|3|14:13:24 04.06.2022
85|530|3|3|15:50:17 09.11.2022
772|435|5|3|17:44:39 17.10.2022
866|224|4|1|12:49:25 20.07.2022
872|325|4|1|14:29:42 23.07.2022
404|124|3|3|16:30:55 14.10.2022
900|192|4|2|14:52:43 02.06.2022
840|299|3|3|19:00:05 21.09.2022
374|385|4|2|17:38:22 10.11.2022
579|484|4|1|18:59:17 22.06.2022
42|688|5|2|16:35:36 31.08.2022
716|192|3|1|19:41:43 01.06.2022
171|243|3|2|14:43:53 08.07.2022
133|410|4|1|14:38:33 04.09.2022
407|82|4|2|18:02:37 10.06.2022
758|414|4|1|15:27:51 26.10.2022
15|344|4|1|16:42:40 11.10.2022
250|613|3|1|14:47:25 07.08.2022
394|108|4|1|17:57:54 10.07.2022
417|259|3|3|19:38:47 14.07.2022
599|111|5|3|18:59:13 13.07.2022
368|647|4|1|15:09:35 18.06.2022
331|500|3|1|19:18:14 11.10.2022
795|620|3|1|15:23:26 12.09.2022
881|673|4|1|14:20:24 17.06.2022
177|662|5|1|12:00:06 15.09.2022
872|325|5|1|17:17:45 23.07.2022
753|703|3|2|08:18:29 28.09.2022
233|557|4|3|11:47:36 23.09.2022
646|195|6|1|13:57:50 16.08.2022
14|47|3|2|19:35:55 21.10.2022
464|500|5|3|11:42:41 12.10.2022
904|628|3|3|13:40:12 12.11.2022
587|662|3|1|15:44:33 15.09.2022
25|186|3|2|18:09:55 17.09.2022
348|65|4|2|12:05:01 11.08.2022
850|387|5|1|18:10:25 12.11.2022
509|273|3|2|17:07:49 03.11.2022
177|173|5|1|11:24:18 03.07.2022
847|211|5|3|19:58:58 26.08.2022
508|305|3|2|19:19:55 02.08.2022
999|657|5|1|16:41:13 21.10.2022
947|445|4|3|12:57:30 22.06.2022
860|682|4|1|17:14:05 05.10.2022
116|214|4|3|14:39:27 09.09.2022
26|543|4|1|15:55:16 18.08.2022
903|79|3|1|10:46:17 28.07.2022
710|649|3|2|15:11:36 23.09.2022
932|440|4|2|16:09:55 24.07.2022
112|119|3|3|14:41:03 03.07.2022
351|572|4|3|16:28:31 25.06.2022
474|173|4|3|17:16:09 02.07.2022
161|667|5|2|19:48:53 18.06.2022
276|403|3|2|11:30:26 23.07.2022
693|46|4|1|16:28:34 12.09.2022
404|124|4|3|18:11:04 14.10.2022
989|723|3|1|19:52:27 26.07.2022
818|172|3|1|19:33:28 30.06.2022
515|257|3|1|15:56:03 30.09.2022
426|699|4|3|12:00:12 11.06.2022
374|385|5|2|18:51:59 10.11.2022
956|494|3|1|19:09:33 18.10.2022
939|402|3|2|19:30:26 30.09.2022
66|482|4|2|11:24:47 10.07.2022
878|613|3|3|13:02:12 07.08.2022
692|545|4|2|15:45:40 18.09.2022
587|662|4|1|18:19:11 15.09.2022
630|8|3|2|17:20:26 04.08.2022
785|396|3|3|15:30:27 15.06.2022
738|488|3|3|11:40:20 22.09.2022
433|205|4|3|10:41:56 21.08.2022
802|408|4|1|14:14:20 20.10.2022
288|343|3|3|13:56:12 23.09.2022
5|225|3|1|13:43:34 31.10.2022
826|459|4|1|16:39:47 15.10.2022
848|486|3|2|14:34:54 22.07.2022
813|593|4|2|17:59:02 02.10.2022
917|662|3|2|16:55:51 15.09.2022
896|295|3|3|17:49:49 08.09.2022
115|20|4|2|10:27:51 09.08.2022
223|135|4|3|19:49:26 25.08.2022
819|675|3|2|15:31:38 05.08.2022
257|522|4|3|11:10:30 19.07.2022
151|560|4|2|14:09:28 26.09.2022
697|667|3|3|08:29:05 19.06.2022
215|95|4|1|19:16:12 16.07.2022
222|18|5|1|17:30:56 02.06.2022
587|662|5|1|15:04:06 16.09.2022
148|55|3|3|13:01:53 24.09.2022
801|298|3|3|11:24:06 22.07.2022
926|490|3|3|13:03:08 06.07.2022
756|300|3|3|16:06:40 27.10.2022
223|135|5|3|19:30:57 26.08.2022
384|377|4|3|11:51:11 02.09.2022
829|21|5|1|17:22:59 14.08.2022
782|47|4|3|18:41:20 22.10.2022
825|70|3|1|19:36:59 03.06.2022
986|410|4|3|09:26:14 04.09.2022
669|93|3|2|17:53:11 17.07.2022
266|662|3|1|16:33:32 15.09.2022
550|435|4|1|19:02:04 17.10.2022
417|351|4|2|19:50:39 26.09.2022
690|386|4|3|10:00:03 06.09.2022
88|263|4|2|15:08:18 06.07.2022
744|74|4|2|11:16:41 15.06.2022
872|46|3|2|19:42:47 12.09.2022
325|662|3|3|16:42:58 16.09.2022
635|715|4|3|14:53:06 10.11.2022
998|114|4|1|18:44:15 04.09.2022
5|222|4|3|16:06:09 30.06.2022
248|564|4|3|18:19:13 04.06.2022
837|633|3|1|13:23:15 04.06.2022
528|282|3|3|14:01:26 28.10.2022
937|296|3|2|09:59:56 03.08.2022
85|530|6|3|18:38:14 09.11.2022
996|65|4|1|15:26:44 11.08.2022
574|237|4|3|19:59:28 14.09.2022
899|221|3|1|19:49:50 30.08.2022
344|123|4|1|16:16:44 25.06.2022
947|548|3|2|17:56:18 26.06.2022
85|530|6|3|17:42:35 09.11.2022
690|386|5|3|11:08:08 06.09.2022
448|618|4|3|10:42:48 14.09.2022
866|224|5|1|17:49:17 20.07.2022
184|223|3|3|16:30:52 23.08.2022
684|386|3|2|14:29:27 06.09.2022
368|566|4|1|15:31:17 21.09.2022
939|402|6|2|19:43:27 01.10.2022
739|723|3|1|17:25:27 25.07.2022
457|143|3|3|18:01:09 01.08.2022
230|225|3|3|13:54:30 31.10.2022
764|566|3|1|17:36:35 21.09.2022
915|18|4|2|13:29:11 03.06.2022
997|500|3|1|09:24:06 12.10.2022
591|66|4|3|18:13:58 02.09.2022
151|560|5|2|18:58:06 26.09.2022
600|177|4|1|19:36:20 04.11.2022
289|105|3|1|19:04:12 06.10.2022
980|378|5|2|17:24:23 24.06.2022
302|323|3|2|09:00:18 30.10.2022
53|351|3|2|09:57:24 26.09.2022
786|224|3|3|17:56:08 21.07.2022
52|13|3|1|14:34:19 09.07.2022
95|309|3|2|14:07:07 26.10.2022
40|20|4|3|12:47:56 09.08.2022
262|135|3|3|16:33:38 27.08.2022
595|458|3|2|09:47:14 05.10.2022
961|699|4|1|13:56:18 11.06.2022
111|473|4|1|15:45:40 24.07.2022
855|347|3|3|15:06:43 26.07.2022
286|435|3|3|18:04:13 17.10.2022
126|568|4|2|19:11:41 17.06.2022
486|88|6|2|17:48:46 17.08.2022
188|225|4|3|08:12:05 31.10.2022
636|579|3|2|16:43:40 10.11.2022
81|653|3|1|13:55:29 15.07.2022
677|403|3|1|09:10:50 23.07.2022
811|463|4|1|12:36:21 21.08.2022
589|513|4|2|18:48:00 27.09.2022
837|633|6|1|17:52:17 04.06.2022
860|174|3|2|15:01:34 29.06.2022
799|103|5|1|13:10:09 13.11.2022
33|302|4|3|15:34:32 06.06.2022
252|554|4|1|13:46:32 21.09.2022
515|257|6|1|18:51:19 30.09.2022
284|25|4|3|08:18:24 26.07.2022
682|441|3|2|15:28:47 15.09.2022
123|576|4|2|12:38:58 12.10.2022
297|319|4|1|16:17:20 29.10.2022
550|435|5|1|19:16:04 18.10.2022
956|494|4|1|14:37:11 19.10.2022
149|246|3|3|17:07:25 28.08.2022
417|351|5|2|13:57:55 27.09.2022
104|434|3|2|17:39:30 28.10.2022
750|509|4|1|17:29:04 17.09.2022
60|657|3|2|19:56:37 20.10.2022
457|139|4|3|11:58:35 26.07.2022
744|74|5|2|14:12:56 15.06.2022
703|476|5|3|19:54:49 03.07.2022
649|305|3|1|12:32:02 03.08.2022
991|299|4|1|17:37:56 21.09.2022
168|469|3|3|18:24:38 01.07.2022
171|698|4|1|08:00:30 13.08.2022
955|673|3|2|14:38:06 17.06.2022
937|507|3|2|10:59:56 05.11.2022
481|1|3|3|16:29:37 21.06.2022
506|640|3|3|15:58:09 30.07.2022
427|117|3|1|16:36:47 15.09.2022
389|616|4|3|14:35:47 11.07.2022
90|357|4|2|14:17:17 18.09.2022
737|491|3|1|17:39:46 09.06.2022
935|476|3|3|18:53:06 04.07.2022
689|531|4|1|14:10:52 21.06.2022
589|513|4|2|18:46:28 27.09.2022
519|632|4|1|16:25:04 17.06.2022
5|225|6|1|15:38:20 31.10.2022
272|528|3|2|16:09:29 03.06.2022
104|434|4|2|17:18:28 29.10.2022
688|210|4|3|17:05:59 21.06.2022
993|387|5|1|14:18:53 12.11.2022
261|149|4|2|19:45:59 18.06.2022
892|630|6|2|18:15:05 17.06.2022
956|494|5|1|18:37:58 19.10.2022
508|305|4|2|18:33:58 03.08.2022
926|490|6|3|15:36:57 06.07.2022
872|46|6|2|18:04:28 13.09.2022
114|23|3|2|17:05:03 17.08.2022
342|95|4|2|13:50:15 17.07.2022
248|564|5|3|16:40:22 05.06.2022
60|657|4|2|13:09:11 21.10.2022
631|272|3|2|16:10:44 20.06.2022
629|533|3|1|18:10:56 28.08.2022
951|507|4|1|18:22:51 05.11.2022
391|388|3|1|12:12:47 27.10.2022
148|55|4|3|15:41:08 24.09.2022
16|435|4|2|18:21:54 17.10.2022
672|118|3|1|17:09:45 29.09.2022
294|88|4|1|13:08:43 18.08.2022
549|265|3|1|10:10:42 12.11.2022
542|453|4|2|11:00:40 11.11.2022
961|699|5|1|17:03:17 11.06.2022
294|88|5|1|17:59:40 18.08.2022
988|26|6|3|14:37:32 11.11.2022
779|60|5|2|15:56:03 18.10.2022
700|666|3|1|14:10:10 31.07.2022
148|55|5|3|17:02:43 24.09.2022
100|66|4|3|17:06:11 02.09.2022
494|672|3|2|14:20:54 24.09.2022
262|135|6|3|18:20:30 27.08.2022
985|289|6|3|12:21:02 05.09.2022
700|666|4|1|17:56:25 31.07.2022
511|387|3|2|17:23:48 13.11.2022
662|121|3|1|17:17:42 12.06.2022
823|688|3|1|15:02:19 30.08.2022
481|1|4|3|16:22:16 22.06.2022
5|225|6|1|17:43:46 31.10.2022
612|299|6|2|19:09:20 22.09.2022
541|37|4|2|19:35:39 10.07.2022
115|169|3|2|17:55:14 17.07.2022
856|60|4|1|17:32:51 17.10.2022
975|500|4|2|14:02:19 12.10.2022
933|109|3|3|13:04:46 01.06.2022
327|547|4|1|17:30:54 08.09.2022
750|200|3|1|19:24:12 10.08.2022
508|716|4|1|19:25:01 11.06.2022
589|513|6|2|17:20:28 27.09.2022
155|479|4|1|17:35:25 14.07.2022
342|95|5|2|17:54:10 17.07.2022
222|490|5|1|15:30:31 07.07.2022
266|662|4|1|18:03:55 15.09.2022
175|206|4|2|17:59:30 20.08.2022
497|88|4|3|19:05:14 17.08.2022
849|403|5|3|08:39:37 24.07.2022
683|188|4|1|10:19:56 07.07.2022
499|388|3|1|10:23:26 27.10.2022
468|357|4|1|12:53:00 18.09.2022
597|366|4|2|08:28:39 09.08.2022
947|445|5|3|16:39:56 22.06.2022
606|124|4|3|15:35:03 14.10.2022
823|688|6|1|16:04:17 30.08.2022
891|476|3|2|11:04:33 04.07.2022
180|543|3|2|17:18:50 18.08.2022
692|545|5|2|19:51:37 18.09.2022
171|698|5|1|12:42:29 13.08.2022
306|677|3|3|18:15:19 16.08.2022
867|287|4|2|13:16:43 07.06.2022
521|319|4|2|08:44:06 29.10.2022
673|695|3|1|18:49:46 02.08.2022
71|609|4|2|10:28:26 11.08.2022
716|192|4|1|08:05:41 02.06.2022
745|346|4|3|19:12:52 12.06.2022
706|205|4|3|15:51:58 21.08.2022
427|117|4|1|19:24:55 15.09.2022
818|172|6|1|13:54:56 01.07.2022
752|440|4|1|19:31:19 24.07.2022
899|221|6|1|12:09:52 31.08.2022
849|403|5|3|14:28:14 24.07.2022
153|45|4|1|12:46:06 23.07.2022
302|323|6|2|13:27:46 30.10.2022
411|429|3|1|14:37:41 08.08.2022
706|205|5|3|19:30:11 21.08.2022
867|287|5|2|18:15:58 07.06.2022
689|531|5|1|16:09:54 21.06.2022
210|211|3|1|18:34:17 26.08.2022
94|206|3|3|18:03:29 20.08.2022
573|118|3|2|08:50:26 29.09.2022
802|408|5|1|17:26:48 20.10.2022
839|450|3|1|17:00:14 31.07.2022
882|490|6|1|15:21:51 07.07.2022
241|715|3|1|12:36:09 10.11.2022
304|714|3|2|18:59:53 11.11.2022
818|172|6|1|19:43:14 01.07.2022
926|490|4|3|15:37:47 06.07.2022
936|564|3|1|18:50:13 05.06.2022
412|139|3|1|13:11:07 26.07.2022
107|209|4|1|19:29:21 19.07.2022
240|237|3|1|11:36:49 15.09.2022
720|387|3|3|15:34:39 12.11.2022
750|200|6|1|15:35:42 11.08.2022
612|299|4|2|19:06:26 22.09.2022
259|602|4|3|18:48:02 14.10.2022
612|299|5|2|13:33:12 23.09.2022
903|79|4|1|14:43:21 28.07.2022
957|263|3|1|15:09:44 06.07.2022
331|145|3|1|14:53:56 08.07.2022
691|246|3|2|19:04:27 27.08.2022
531|347|3|2|17:27:55 26.07.2022
619|386|4|3|16:16:05 06.09.2022
123|576|5|2|14:00:01 12.10.2022
426|699|5|3|13:55:48 11.06.2022
597|366|6|2|18:50:29 09.08.2022
716|192|5|1|09:08:22 02.06.2022
756|300|6|3|19:45:24 27.10.2022
486|88|4|2|09:57:44 17.08.2022
281|366|3|1|17:59:11 08.08.2022
253|429|4|3|18:39:45 08.08.2022
655|630|3|2|11:17:26 18.06.2022
100|66|5|3|18:48:53 02.09.2022
931|658|4|1|19:51:58 22.07.2022
759|192|4|1|19:54:21 02.06.2022
707|105|3|2|12:25:05 07.10.2022
956|494|5|1|18:34:59 19.10.2022
93|50|4|3|09:28:09 21.06.2022
858|139|3|1|13:54:13 26.07.2022
541|330|4|2|19:28:00 16.09.2022
359|393|3|1|12:22:16 04.06.2022
254|85|4|3|18:09:22 07.09.2022
835|643|3|1|12:26:41 06.06.2022
978|646|4|3|09:56:56 21.07.2022
703|257|3|1|19:43:35 29.09.2022
304|192|4|2|17:41:11 02.06.2022
480|657|4|2|17:33:00 22.10.2022
160|630|4|2|09:52:23 18.06.2022
548|539|4|2|13:32:32 05.11.2022
646|195|6|1|13:54:51 16.08.2022
266|662|5|1|19:08:44 15.09.2022
635|715|5|3|17:32:36 10.11.2022
515|257|6|1|19:26:06 01.10.2022
253|429|5|3|19:43:06 08.08.2022
216|83|4|2|15:01:46 04.10.2022
748|278|3|2|16:32:13 19.09.2022
289|105|4|1|19:25:16 07.10.2022
432|147|4|2|10:56:29 15.07.2022
519|632|5|1|18:18:02 17.06.2022
16|435|5|2|19:24:49 17.10.2022
581|328|3|2|17:26:21 09.09.2022
884|191|3|1|11:28:31 01.06.2022
632|513|4|2|16:02:42 27.09.2022
603|382|4|2|14:03:46 10.07.2022
686|103|3|3|15:30:03 12.11.2022
328|159|3|1|14:21:03 27.06.2022
525|61|3|2|17:18:37 28.06.2022
546|662|3|1|11:44:56 15.09.2022
507|279|4|1|19:23:33 31.08.2022
756|300|4|3|18:38:36 27.10.2022
724|435|3|3|17:13:20 17.10.2022
850|387|5|1|19:06:55 12.11.2022
307|520|3|3|12:19:12 09.09.2022
417|259|4|3|15:02:59 15.07.2022
878|613|6|3|15:18:50 07.08.2022
62|445|3|3|17:42:15 23.06.2022
932|177|3|3|19:26:56 04.11.2022
895|386|4|2|16:01:57 06.09.2022
639|688|3|1|16:30:01 01.09.2022
348|325|3|3|19:18:18 23.07.2022
908|3|3|2|17:08:12 07.08.2022
770|640|4|1|16:00:35 30.07.2022
932|177|6|3|18:21:01 05.11.2022
418|256|3|2|10:35:08 06.06.2022
893|205|3|2|17:15:16 22.08.2022
792|533|4|2|19:02:47 28.08.2022
386|440|3|1|19:08:33 24.07.2022
761|295|3|1|09:58:32 08.09.2022
769|369|3|1|17:21:48 16.10.2022
517|21|4|2|15:29:55 15.08.2022
215|699|3|3|13:38:27 11.06.2022
51|163|4|1|15:10:59 25.07.2022
700|666|5|1|08:34:12 01.08.2022
838|352|3|1|18:18:57 20.06.2022
720|387|4|3|11:45:27 13.11.2022
429|672|4|3|13:53:57 24.09.2022
161|667|5|2|12:57:48 18.06.2022
370|326|3|3|12:55:39 08.06.2022
229|492|3|2|16:46:52 14.08.2022
895|386|5|2|13:31:35 07.09.2022
903|405|3|3|15:27:31 07.06.2022
65|698|4|3|18:03:01 12.08.2022
28|413|3|1|13:52:17 02.10.2022
433|205|5|3|12:40:31 21.08.2022
